tax_id	species	genus	family	order	class	phylum	clade	superkingdom	subspecies	species subgroup	species group
3051981	Artiparvovirus chiropteran1	Artiparvovirus	Parvoviridae	Piccovirales	Quintoviricetes	Cossaviricota	Monodnaviria	Viruses			
2928931	Chifec virus UA13_72					Cressdnaviricota	Monodnaviria	Viruses			
3018868	Bat Coronavirus PaGD17		Coronaviridae	Nidovirales	Pisoniviricetes	Pisuviricota	Riboviria	Viruses			
3018905	Bat Coronavirus RsGX17		Coronaviridae	Nidovirales	Pisoniviricetes	Pisuviricota	Riboviria	Viruses			
3048457	Orthoflavivirus yokoseense	Orthoflavivirus	Flaviviridae	Amarillovirales	Flasuviricetes	Kitrinoviricota	Riboviria	Viruses			
1959842	Molossus molossus circovirus 1	Circovirus	Circoviridae	Cirlivirales	Arfiviricetes	Cressdnaviricota	Monodnaviria	Viruses			
3048267	Orthoflavivirus phnompenhense	Orthoflavivirus	Flaviviridae	Amarillovirales	Flasuviricetes	Kitrinoviricota	Riboviria	Viruses			
2560260	Pararubulavirus accraense	Pararubulavirus	Paramyxoviridae	Mononegavirales	Monjiviricetes	Negarnaviricota	Riboviria	Viruses			
1780507	Myotis gammaherpesvirus 8		Orthoherpesviridae	Herpesvirales	Herviviricetes	Peploviricota	Duplodnaviria	Viruses			
3047401	Circovirus lepakko	Circovirus	Circoviridae	Cirlivirales	Arfiviricetes	Cressdnaviricota	Monodnaviria	Viruses			
3018881	Bat Coronavirus RaGX17		Coronaviridae	Nidovirales	Pisoniviricetes	Pisuviricota	Riboviria	Viruses			
2877501	Jingmen Miniopterus schreibersii paramyxovirus 2		Paramyxoviridae	Mononegavirales	Monjiviricetes	Negarnaviricota	Riboviria	Viruses			
2781642	Bat chaphamaparvovirus	Chaphamaparvovirus	Parvoviridae	Piccovirales	Quintoviricetes	Cossaviricota	Monodnaviria	Viruses			
2928900	Chifec genomovirus UA13_106		Genomoviridae	Geplafuvirales	Repensiviricetes	Cressdnaviricota	Monodnaviria	Viruses			
3018889	Bat Coronavirus RfLN20		Coronaviridae	Nidovirales	Pisoniviricetes	Pisuviricota	Riboviria	Viruses			
2997411	Dehong virus							Viruses			
2844553	Gemygorvirus ptero1	Gemygorvirus	Genomoviridae	Geplafuvirales	Repensiviricetes	Cressdnaviricota	Monodnaviria	Viruses			
2911960	Eumops bonariensis associated gemycircularvirus 4	Gemycircularvirus	Genomoviridae	Geplafuvirales	Repensiviricetes	Cressdnaviricota	Monodnaviria	Viruses			
2499246	Rhinolophus rhabdovirus DPuer		Rhabdoviridae	Mononegavirales	Monjiviricetes	Negarnaviricota	Riboviria	Viruses			
3052517	Orthonairovirus gossasense	Orthonairovirus	Nairoviridae	Bunyavirales	Ellioviricetes	Negarnaviricota	Riboviria	Viruses			
2928904	Chifec genomovirus UA13_112		Genomoviridae	Geplafuvirales	Repensiviricetes	Cressdnaviricota	Monodnaviria	Viruses			
1606498	Alphapolyomavirus secarplanirostris	Alphapolyomavirus	Polyomaviridae	Sepolyvirales	Papovaviricetes	Cossaviricota	Monodnaviria	Viruses			
2836124	Bat SARS-like coronavirus Khosta-2	Betacoronavirus	Coronaviridae	Nidovirales	Pisoniviricetes	Pisuviricota	Riboviria	Viruses			
2914459	Chifec virus UA13_1887	Cyclovirus	Circoviridae	Cirlivirales	Arfiviricetes	Cressdnaviricota	Monodnaviria	Viruses			
2878090	Eptesicus regulus papillomavirus		Papillomaviridae	Zurhausenvirales	Papovaviricetes	Cossaviricota	Monodnaviria	Viruses			
3056797	Piparella virus		Paramyxoviridae	Mononegavirales	Monjiviricetes	Negarnaviricota	Riboviria	Viruses			
2911993	Molossus molossus associated gemykibivirus 3	Gemykibivirus	Genomoviridae	Geplafuvirales	Repensiviricetes	Cressdnaviricota	Monodnaviria	Viruses			
1795990	Pacific flying fox faeces associated gemycircularvirus-11	Cyclovirus	Circoviridae	Cirlivirales	Arfiviricetes	Cressdnaviricota	Monodnaviria	Viruses			
2794225	Eptesicus fuscus bocavirus	Bocaparvovirus	Parvoviridae	Piccovirales	Quintoviricetes	Cossaviricota	Monodnaviria	Viruses			
2928975	Longquan Rhinolophus pusillus hepacivirus 1	Hepacivirus	Flaviviridae	Amarillovirales	Flasuviricetes	Kitrinoviricota	Riboviria	Viruses			
3018871	Bat Coronavirus PaGX19		Coronaviridae	Nidovirales	Pisoniviricetes	Pisuviricota	Riboviria	Viruses			
3052769	Tetraparvovirus chiropteran1	Tetraparvovirus	Parvoviridae	Piccovirales	Quintoviricetes	Cossaviricota	Monodnaviria	Viruses			
2447815	Rhinolophus ferrumequinum polyomavirus 2		Polyomaviridae	Sepolyvirales	Papovaviricetes	Cossaviricota	Monodnaviria	Viruses			
2042174	Kotalahti bat lyssavirus	Lyssavirus	Rhabdoviridae	Mononegavirales	Monjiviricetes	Negarnaviricota	Riboviria	Viruses			
3018898	Bat Coronavirus RpGX16		Coronaviridae	Nidovirales	Pisoniviricetes	Pisuviricota	Riboviria	Viruses			
2928908	Chifec genomovirus UA13_90		Genomoviridae	Geplafuvirales	Repensiviricetes	Cressdnaviricota	Monodnaviria	Viruses			
2928389	Tadarida brasiliensis papillomavirus 2		Papillomaviridae	Zurhausenvirales	Papovaviricetes	Cossaviricota	Monodnaviria	Viruses			
3060799	Vesiculovirus wufeng	Vesiculovirus	Rhabdoviridae	Mononegavirales	Monjiviricetes	Negarnaviricota	Riboviria	Viruses			
3027037	Pedacovirus sp. MdGB03	Alphacoronavirus	Coronaviridae	Nidovirales	Pisoniviricetes	Pisuviricota	Riboviria	Viruses			
3059967	Dependoparvovirus chiropteran2	Dependoparvovirus	Parvoviridae	Piccovirales	Quintoviricetes	Cossaviricota	Monodnaviria	Viruses			
2929001	Wenzhou Pipistrellus abramus pestivirus 1	Pestivirus	Flaviviridae	Amarillovirales	Flasuviricetes	Kitrinoviricota	Riboviria	Viruses			
1796017	Pacific flying fox faeces associated circular DNA virus-8							Viruses			
3018916	Bat Coronavirus SkHI19		Coronaviridae	Nidovirales	Pisoniviricetes	Pisuviricota	Riboviria	Viruses			
3052133	Circovirus siksparnis	Circovirus	Circoviridae	Cirlivirales	Arfiviricetes	Cressdnaviricota	Monodnaviria	Viruses			
2928898	Chifec genomovirus UA13_100		Genomoviridae	Geplafuvirales	Repensiviricetes	Cressdnaviricota	Monodnaviria	Viruses			
1508220	Bat coronavirus		Coronaviridae	Nidovirales	Pisoniviricetes	Pisuviricota	Riboviria	Viruses			
2911962	Molossus molossus associated gemycircularvirus 2	Gemycircularvirus	Genomoviridae	Geplafuvirales	Repensiviricetes	Cressdnaviricota	Monodnaviria	Viruses			
3050241	Circovirus bastao	Circovirus	Circoviridae	Cirlivirales	Arfiviricetes	Cressdnaviricota	Monodnaviria	Viruses			
2928901	Chifec genomovirus UA13_107		Genomoviridae	Geplafuvirales	Repensiviricetes	Cressdnaviricota	Monodnaviria	Viruses			
3052505	Orthomarburgvirus marburgense	Orthomarburgvirus	Filoviridae	Mononegavirales	Monjiviricetes	Negarnaviricota	Riboviria	Viruses			
3052221	Henipavirus cedarense	Henipavirus	Paramyxoviridae	Mononegavirales	Monjiviricetes	Negarnaviricota	Riboviria	Viruses			
3027035	Pedacovirus sp. MdGB01	Alphacoronavirus	Coronaviridae	Nidovirales	Pisoniviricetes	Pisuviricota	Riboviria	Viruses			
3047559	Cyclovirus nahkhiir	Cyclovirus	Circoviridae	Cirlivirales	Arfiviricetes	Cressdnaviricota	Monodnaviria	Viruses			
3052166	Cyclovirus sismis	Cyclovirus	Circoviridae	Cirlivirales	Arfiviricetes	Cressdnaviricota	Monodnaviria	Viruses			
3052555	Orthorubulavirus alstonvillense	Orthorubulavirus	Paramyxoviridae	Mononegavirales	Monjiviricetes	Negarnaviricota	Riboviria	Viruses			
1906170	Bastrovirus-like_virus/VietNam/Bat/17819_21		Astroviridae	Stellavirales	Stelpaviricetes	Pisuviricota	Riboviria	Viruses			
1891759	Betapolyomavirus secudobsoniae	Betapolyomavirus	Polyomaviridae	Sepolyvirales	Papovaviricetes	Cossaviricota	Monodnaviria	Viruses			
2844600	Gemykibivirus rhina2	Gemykibivirus	Genomoviridae	Geplafuvirales	Repensiviricetes	Cressdnaviricota	Monodnaviria	Viruses			
2928903	Chifec genomovirus UA13_109		Genomoviridae	Geplafuvirales	Repensiviricetes	Cressdnaviricota	Monodnaviria	Viruses			
2501927	Myotis ricketti alphacoronavirus Sax-2011	Alphacoronavirus	Coronaviridae	Nidovirales	Pisoniviricetes	Pisuviricota	Riboviria	Viruses			
1891718	Alphapolyomavirus cardiodermae	Alphapolyomavirus	Polyomaviridae	Sepolyvirales	Papovaviricetes	Cossaviricota	Monodnaviria	Viruses			
3018879	Bat Coronavirus RaGD19		Coronaviridae	Nidovirales	Pisoniviricetes	Pisuviricota	Riboviria	Viruses			
2928923	Chifec virus UA13_110					Cressdnaviricota	Monodnaviria	Viruses			
2447822	Rhinolophus thomasi polyomavirus 1		Polyomaviridae	Sepolyvirales	Papovaviricetes	Cossaviricota	Monodnaviria	Viruses			
1239581	Mamastrovirus 17	Mamastrovirus	Astroviridae	Stellavirales	Stelpaviricetes	Pisuviricota	Riboviria	Viruses			
3052338	Mobatvirus quezonense	Mobatvirus	Hantaviridae	Bunyavirales	Ellioviricetes	Negarnaviricota	Riboviria	Viruses			
340187	Acyrthosiphon pisum virus						Riboviria	Viruses			
1978545	Ledantevirus fikirini	Ledantevirus	Rhabdoviridae	Mononegavirales	Monjiviricetes	Negarnaviricota	Riboviria	Viruses			
3038998	Bat picornavirus 7		Picornaviridae	Picornavirales	Pisoniviricetes	Pisuviricota	Riboviria	Viruses			
3044260	Rousettus madagascariensis teschovirus	Teschovirus	Picornaviridae	Picornavirales	Pisoniviricetes	Pisuviricota	Riboviria	Viruses			
2928929	Chifec virus UA13_150					Cressdnaviricota	Monodnaviria	Viruses			
2911961	Molossus molossus associated gemycircularvirus 1	Gemycircularvirus	Genomoviridae	Geplafuvirales	Repensiviricetes	Cressdnaviricota	Monodnaviria	Viruses			
2488327	Rhinolophus affinis bocaparvovirus 1	Bocaparvovirus	Parvoviridae	Piccovirales	Quintoviricetes	Cossaviricota	Monodnaviria	Viruses			
2003499	Mischivirus C	Mischivirus	Picornaviridae	Picornavirales	Pisoniviricetes	Pisuviricota	Riboviria	Viruses			
2050037	Long-fingered bat hepatitis B virus	Orthohepadnavirus	Hepadnaviridae	Blubervirales	Revtraviricetes	Artverviricota	Riboviria	Viruses			
3047404	Cyclovirus bastao	Cyclovirus	Circoviridae	Cirlivirales	Arfiviricetes	Cressdnaviricota	Monodnaviria	Viruses			
1606504	Alphapolyomavirus molossi	Alphapolyomavirus	Polyomaviridae	Sepolyvirales	Papovaviricetes	Cossaviricota	Monodnaviria	Viruses			
3018909	Bat Coronavirus RsYN20		Coronaviridae	Nidovirales	Pisoniviricetes	Pisuviricota	Riboviria	Viruses			
2955472	Betapolyomavirus raegyptiacus	Betapolyomavirus	Polyomaviridae	Sepolyvirales	Papovaviricetes	Cossaviricota	Monodnaviria	Viruses			
3052032	Bocaparvovirus chiropteran1	Bocaparvovirus	Parvoviridae	Piccovirales	Quintoviricetes	Cossaviricota	Monodnaviria	Viruses			
3047554	Cyclovirus pea	Cyclovirus	Circoviridae	Cirlivirales	Arfiviricetes	Cressdnaviricota	Monodnaviria	Viruses			
2844597	Gemykibivirus ptero1	Gemykibivirus	Genomoviridae	Geplafuvirales	Repensiviricetes	Cressdnaviricota	Monodnaviria	Viruses			
3018864	Bat Coronavirus MsGX16		Coronaviridae	Nidovirales	Pisoniviricetes	Pisuviricota	Riboviria	Viruses			
2911991	Molossus molossus associated gemykibivirus 1	Gemykibivirus	Genomoviridae	Geplafuvirales	Repensiviricetes	Cressdnaviricota	Monodnaviria	Viruses			
3052612	Pegivirus scotophili	Pegivirus	Flaviviridae	Amarillovirales	Flasuviricetes	Kitrinoviricota	Riboviria	Viruses			
1239579	Mamastrovirus 15	Mamastrovirus	Astroviridae	Stellavirales	Stelpaviricetes	Pisuviricota	Riboviria	Viruses			
3060759	Tupavirus laniger	Tupavirus	Rhabdoviridae	Mononegavirales	Monjiviricetes	Negarnaviricota	Riboviria	Viruses			
3052239	Hepacivirus vittatae	Hepacivirus	Flaviviridae	Amarillovirales	Flasuviricetes	Kitrinoviricota	Riboviria	Viruses			
2447827	Scotophilus kuhlii polyomavirus 2		Polyomaviridae	Sepolyvirales	Papovaviricetes	Cossaviricota	Monodnaviria	Viruses			
2911963	Molossus molossus associated gemycircularvirus 3	Gemycircularvirus	Genomoviridae	Geplafuvirales	Repensiviricetes	Cressdnaviricota	Monodnaviria	Viruses			
3041004	Divaea bat lyssavirus		Rhabdoviridae	Mononegavirales	Monjiviricetes	Negarnaviricota	Riboviria	Viruses			
2734339	Tai Forest coltivirus	Coltivirus	Spinareoviridae	Reovirales	Resentoviricetes	Duplornaviricota	Riboviria	Viruses			
3068538	Horseshoe bat sarbecovirus	Betacoronavirus	Coronaviridae	Nidovirales	Pisoniviricetes	Pisuviricota	Riboviria	Viruses			
2844510	Gemycircularvirus ptero3	Gemycircularvirus	Genomoviridae	Geplafuvirales	Repensiviricetes	Cressdnaviricota	Monodnaviria	Viruses			
2447826	Scotophilus kuhlii polyomavirus 1		Polyomaviridae	Sepolyvirales	Papovaviricetes	Cossaviricota	Monodnaviria	Viruses			
1796011	Pacific flying fox faeces associated circular DNA virus-2							Viruses			
3047556	Cyclovirus flagermus	Cyclovirus	Circoviridae	Cirlivirales	Arfiviricetes	Cressdnaviricota	Monodnaviria	Viruses			
3052124	Circovirus ialtag	Circovirus	Circoviridae	Cirlivirales	Arfiviricetes	Cressdnaviricota	Monodnaviria	Viruses			
2911952	Molossus molossus associated circovirus 3	Circovirus	Circoviridae	Cirlivirales	Arfiviricetes	Cressdnaviricota	Monodnaviria	Viruses			
2593995	Hypsugopox virus		Poxviridae	Chitovirales	Pokkesviricetes	Nucleocytoviricota	Varidnaviria	Viruses			
3027593	Myotis bat alphacoronavirus	Alphacoronavirus	Coronaviridae	Nidovirales	Pisoniviricetes	Pisuviricota	Riboviria	Viruses			
1796003	Pacific flying fox associated multicomponent virus							Viruses			
2956107	Ledantevirus taiyi	Ledantevirus	Rhabdoviridae	Mononegavirales	Monjiviricetes	Negarnaviricota	Riboviria	Viruses			
1891743	Alphapolyomavirus ptevampyrus	Alphapolyomavirus	Polyomaviridae	Sepolyvirales	Papovaviricetes	Cossaviricota	Monodnaviria	Viruses			
3047555	Cyclovirus pekapeka	Cyclovirus	Circoviridae	Cirlivirales	Arfiviricetes	Cressdnaviricota	Monodnaviria	Viruses			
1146877	Bat mastadenovirus A	Mastadenovirus	Adenoviridae	Rowavirales	Tectiliviricetes	Preplasmiviricota	Varidnaviria	Viruses			
3018890	Bat Coronavirus RfYN20		Coronaviridae	Nidovirales	Pisoniviricetes	Pisuviricota	Riboviria	Viruses			
2844511	Gemycircularvirus ptero4	Gemycircularvirus	Genomoviridae	Geplafuvirales	Repensiviricetes	Cressdnaviricota	Monodnaviria	Viruses			
1503293	BtRf-AlphaCoV/YN2012	Alphacoronavirus	Coronaviridae	Nidovirales	Pisoniviricetes	Pisuviricota	Riboviria	Viruses			
2447828	Scotophilus kuhlii polyomavirus 3		Polyomaviridae	Sepolyvirales	Papovaviricetes	Cossaviricota	Monodnaviria	Viruses			
2911995	Molossus molossus associated gemykibivirus 5	Gemykibivirus	Genomoviridae	Geplafuvirales	Repensiviricetes	Cressdnaviricota	Monodnaviria	Viruses			
3047552	Cyclovirus nietoperz	Cyclovirus	Circoviridae	Cirlivirales	Arfiviricetes	Cressdnaviricota	Monodnaviria	Viruses			
2664220	Tadarida brasiliensis gemykibivirus 1	Gemykibivirus	Genomoviridae	Geplafuvirales	Repensiviricetes	Cressdnaviricota	Monodnaviria	Viruses			
1955137	Rhabdoviridae sp.		Rhabdoviridae	Mononegavirales	Monjiviricetes	Negarnaviricota	Riboviria	Viruses			
2956141	Lyssavirus gannoruwa	Lyssavirus	Rhabdoviridae	Mononegavirales	Monjiviricetes	Negarnaviricota	Riboviria	Viruses			
2767006	Bat deltavirus	Deltavirus	Kolmioviridae				Ribozyviria	Viruses			
1623686	Bat polyomavirus 6d		Polyomaviridae	Sepolyvirales	Papovaviricetes	Cossaviricota	Monodnaviria	Viruses			
3052602	Pararubulavirus tiomanense	Pararubulavirus	Paramyxoviridae	Mononegavirales	Monjiviricetes	Negarnaviricota	Riboviria	Viruses			
2914457	Chifec virus UA13_1880	Cyclovirus	Circoviridae	Cirlivirales	Arfiviricetes	Cressdnaviricota	Monodnaviria	Viruses			
1177762	Psipapillomavirus 1	Psipapillomavirus	Papillomaviridae	Zurhausenvirales	Papovaviricetes	Cossaviricota	Monodnaviria	Viruses			
3047553	Cyclovirus peka	Cyclovirus	Circoviridae	Cirlivirales	Arfiviricetes	Cressdnaviricota	Monodnaviria	Viruses			
2447824	Rousettus leschenaultii polyomavirus 1		Polyomaviridae	Sepolyvirales	Papovaviricetes	Cossaviricota	Monodnaviria	Viruses			
1904410	Rhinolophus hildebrandtii polyomavirus 1		Polyomaviridae	Sepolyvirales	Papovaviricetes	Cossaviricota	Monodnaviria	Viruses			
2039267	Eidolon helvum adenovirus	Mastadenovirus	Adenoviridae	Rowavirales	Tectiliviricetes	Preplasmiviricota	Varidnaviria	Viruses			
2877478	Wenzhou Pipistrellus abramus betacoronavirus 1	Betacoronavirus	Coronaviridae	Nidovirales	Pisoniviricetes	Pisuviricota	Riboviria	Viruses			
2169965	Kunsagivirus B	Kunsagivirus	Picornaviridae	Picornavirales	Pisoniviricetes	Pisuviricota	Riboviria	Viruses			
3052222	Henipavirus ghanaense	Henipavirus	Paramyxoviridae	Mononegavirales	Monjiviricetes	Negarnaviricota	Riboviria	Viruses			
60877	Tonate virus	Alphavirus	Togaviridae	Martellivirales	Alsuviricetes	Kitrinoviricota	Riboviria	Viruses			
2560829	Ledantevirus vaprio	Ledantevirus	Rhabdoviridae	Mononegavirales	Monjiviricetes	Negarnaviricota	Riboviria	Viruses			
1987124	Hepatovirus C	Hepatovirus	Picornaviridae	Picornavirales	Pisoniviricetes	Pisuviricota	Riboviria	Viruses			
2928905	Chifec genomovirus UA13_113		Genomoviridae	Geplafuvirales	Repensiviricetes	Cressdnaviricota	Monodnaviria	Viruses			
3018875	Bat Coronavirus PaZJ10		Coronaviridae	Nidovirales	Pisoniviricetes	Pisuviricota	Riboviria	Viruses			
2115988	Swine acute diarrhea syndrome related coronavirus		Coronaviridae	Nidovirales	Pisoniviricetes	Pisuviricota	Riboviria	Viruses			
3052036	Bocaparvovirus chiropteran5	Bocaparvovirus	Parvoviridae	Piccovirales	Quintoviricetes	Cossaviricota	Monodnaviria	Viruses			
2015370	Bat mastadenovirus C	Mastadenovirus	Adenoviridae	Rowavirales	Tectiliviricetes	Preplasmiviricota	Varidnaviria	Viruses			
2029303	Rhinolophus blasii polyomavirus 2		Polyomaviridae	Sepolyvirales	Papovaviricetes	Cossaviricota	Monodnaviria	Viruses			
2447819	Rhinolophus sinicus polyomavirus 1		Polyomaviridae	Sepolyvirales	Papovaviricetes	Cossaviricota	Monodnaviria	Viruses			
3018903	Bat Coronavirus RsGD17		Coronaviridae	Nidovirales	Pisoniviricetes	Pisuviricota	Riboviria	Viruses			
740971	Bat mastadenovirus	Mastadenovirus	Adenoviridae	Rowavirales	Tectiliviricetes	Preplasmiviricota	Varidnaviria	Viruses			
2911990	Bat associated gemykibivirus 2	Gemykibivirus	Genomoviridae	Geplafuvirales	Repensiviricetes	Cressdnaviricota	Monodnaviria	Viruses			
2928922	Chifec virus UA13_101					Cressdnaviricota	Monodnaviria	Viruses			
2447820	Rhinolophus sinicus polyomavirus 2		Polyomaviridae	Sepolyvirales	Papovaviricetes	Cossaviricota	Monodnaviria	Viruses			
1959843	Molossus molossus circovirus 2	Circovirus	Circoviridae	Cirlivirales	Arfiviricetes	Cressdnaviricota	Monodnaviria	Viruses			
2447801	Hipposideros larvatus polyomavirus 1		Polyomaviridae	Sepolyvirales	Papovaviricetes	Cossaviricota	Monodnaviria	Viruses			
11983	Norwalk virus	Norovirus	Caliciviridae	Picornavirales	Pisoniviricetes	Pisuviricota	Riboviria	Viruses			
2015375	Bat mastadenovirus F	Mastadenovirus	Adenoviridae	Rowavirales	Tectiliviricetes	Preplasmiviricota	Varidnaviria	Viruses			
2928926	Chifec virus UA13_119					Cressdnaviricota	Monodnaviria	Viruses			
2591233	Coronavirus BtRl-BetaCoV/SC2018	Betacoronavirus	Coronaviridae	Nidovirales	Pisoniviricetes	Pisuviricota	Riboviria	Viruses			
746543	Lyssavirus shimoni	Lyssavirus	Rhabdoviridae	Mononegavirales	Monjiviricetes	Negarnaviricota	Riboviria	Viruses			
2911994	Molossus molossus associated gemykibivirus 4	Gemykibivirus	Genomoviridae	Geplafuvirales	Repensiviricetes	Cressdnaviricota	Monodnaviria	Viruses			
1276181	Chaerephon polyomavirus 1		Polyomaviridae	Sepolyvirales	Papovaviricetes	Cossaviricota	Monodnaviria	Viruses			
2447823	Rhinolophus thomasi polyomavirus 2		Polyomaviridae	Sepolyvirales	Papovaviricetes	Cossaviricota	Monodnaviria	Viruses			
3117000	Papillomavirus rhinolophus8112		Papillomaviridae	Zurhausenvirales	Papovaviricetes	Cossaviricota	Monodnaviria	Viruses			
2734341	Broome orthoreovirus	Orthoreovirus	Spinareoviridae	Reovirales	Resentoviricetes	Duplornaviricota	Riboviria	Viruses			
3052711	Protoparvovirus chiropteran1	Protoparvovirus	Parvoviridae	Piccovirales	Quintoviricetes	Cossaviricota	Monodnaviria	Viruses			
3044261	Eidolon dupreanum teschovirus	Teschovirus	Picornaviridae	Picornavirales	Pisoniviricetes	Pisuviricota	Riboviria	Viruses			
3003848	Auskunsag virus						Riboviria	Viruses			
2956008	Jeilongvirus murinae	Jeilongvirus	Paramyxoviridae	Mononegavirales	Monjiviricetes	Negarnaviricota	Riboviria	Viruses			
2853286	Myotis bat morbillivirus	Morbillivirus	Paramyxoviridae	Mononegavirales	Monjiviricetes	Negarnaviricota	Riboviria	Viruses			
3018874	Bat Coronavirus PaJX20		Coronaviridae	Nidovirales	Pisoniviricetes	Pisuviricota	Riboviria	Viruses			
1239580	Mamastrovirus 16	Mamastrovirus	Astroviridae	Stellavirales	Stelpaviricetes	Pisuviricota	Riboviria	Viruses			
2907287	Flyfo siphovirus Tbat1_6				Caudoviricetes	Uroviricota	Duplodnaviria	Viruses			
2029302	Rhinolophus blasii polyomavirus 1		Polyomaviridae	Sepolyvirales	Papovaviricetes	Cossaviricota	Monodnaviria	Viruses			
1239578	Mamastrovirus 14	Mamastrovirus	Astroviridae	Stellavirales	Stelpaviricetes	Pisuviricota	Riboviria	Viruses			
2913382	Megaderma bat coronavirus		Coronaviridae	Nidovirales	Pisoniviricetes	Pisuviricota	Riboviria	Viruses			
2501961	Bat Hp-betacoronavirus Zhejiang2013	Betacoronavirus	Coronaviridae	Nidovirales	Pisoniviricetes	Pisuviricota	Riboviria	Viruses			
2911886	Molossus molossus papillomavirus type 2		Papillomaviridae	Zurhausenvirales	Papovaviricetes	Cossaviricota	Monodnaviria	Viruses			
2956644	Vesiculovirus yinshui	Vesiculovirus	Rhabdoviridae	Mononegavirales	Monjiviricetes	Negarnaviricota	Riboviria	Viruses			
1978537	Ledantevirus kern	Ledantevirus	Rhabdoviridae	Mononegavirales	Monjiviricetes	Negarnaviricota	Riboviria	Viruses			
3018846	Bat Coronavirus McGD16		Coronaviridae	Nidovirales	Pisoniviricetes	Pisuviricota	Riboviria	Viruses			
1796010	Pacific flying fox faeces associated circular DNA virus-15							Viruses			
2053080	Rhinolophus pusillus bocaparvovirus 2	Bocaparvovirus	Parvoviridae	Piccovirales	Quintoviricetes	Cossaviricota	Monodnaviria	Viruses			
2447807	Myotis horsfieldii polyomavirus 3		Polyomaviridae	Sepolyvirales	Papovaviricetes	Cossaviricota	Monodnaviria	Viruses			
2956007	Jeilongvirus madagascarense	Jeilongvirus	Paramyxoviridae	Mononegavirales	Monjiviricetes	Negarnaviricota	Riboviria	Viruses			
3060712	Simplexvirus pteropodidalpha2	Simplexvirus	Orthoherpesviridae	Herpesvirales	Herviviricetes	Peploviricota	Duplodnaviria	Viruses			
3018840	Bat Coronavirus HpHI19		Coronaviridae	Nidovirales	Pisoniviricetes	Pisuviricota	Riboviria	Viruses			
3052155	Cyclovirus jaaabani	Cyclovirus	Circoviridae	Cirlivirales	Arfiviricetes	Cressdnaviricota	Monodnaviria	Viruses			
2928899	Chifec genomovirus UA13_105		Genomoviridae	Geplafuvirales	Repensiviricetes	Cressdnaviricota	Monodnaviria	Viruses			
2914456	Chifec virus UA13_1817	Cyclovirus	Circoviridae	Cirlivirales	Arfiviricetes	Cressdnaviricota	Monodnaviria	Viruses			
3047823	Orthoflavivirus entebbeense	Orthoflavivirus	Flaviviridae	Amarillovirales	Flasuviricetes	Kitrinoviricota	Riboviria	Viruses			
3018870	Bat Coronavirus PaGX17		Coronaviridae	Nidovirales	Pisoniviricetes	Pisuviricota	Riboviria	Viruses			
2591238	Coronavirus BtRt-BetaCoV/GX2018	Betacoronavirus	Coronaviridae	Nidovirales	Pisoniviricetes	Pisuviricota	Riboviria	Viruses			
3047398	Circovirus vleermuis	Circovirus	Circoviridae	Cirlivirales	Arfiviricetes	Cressdnaviricota	Monodnaviria	Viruses			
2844477	Gemycircularvirus minio1	Gemycircularvirus	Genomoviridae	Geplafuvirales	Repensiviricetes	Cressdnaviricota	Monodnaviria	Viruses			
3018850	Bat Coronavirus MlGX17		Coronaviridae	Nidovirales	Pisoniviricetes	Pisuviricota	Riboviria	Viruses			
3018869	Bat Coronavirus PaGD18		Coronaviridae	Nidovirales	Pisoniviricetes	Pisuviricota	Riboviria	Viruses			
3039006	Rhinolophus bat shanbavirus	Shanbavirus	Picornaviridae	Picornavirales	Pisoniviricetes	Pisuviricota	Riboviria	Viruses			
2560340	Bat mumps orthorubulavirus	Orthorubulavirus	Paramyxoviridae	Mononegavirales	Monjiviricetes	Negarnaviricota	Riboviria	Viruses			
2844158	Vesiculovirus eptesicus	Vesiculovirus	Rhabdoviridae	Mononegavirales	Monjiviricetes	Negarnaviricota	Riboviria	Viruses			
1959844	Molossus molossus circovirus 3	Circovirus	Circoviridae	Cirlivirales	Arfiviricetes	Cressdnaviricota	Monodnaviria	Viruses			
1932910	Dyotaupapillomavirus 1	Dyotaupapillomavirus	Papillomaviridae	Zurhausenvirales	Papovaviricetes	Cossaviricota	Monodnaviria	Viruses			
2748360	Rhinolophus hipposideros polyomavirus 1		Polyomaviridae	Sepolyvirales	Papovaviricetes	Cossaviricota	Monodnaviria	Viruses			
1913643	Bat coronavirus CDPHE15	Alphacoronavirus	Coronaviridae	Nidovirales	Pisoniviricetes	Pisuviricota	Riboviria	Viruses			
3048443	Orthoflavivirus usutuense	Orthoflavivirus	Flaviviridae	Amarillovirales	Flasuviricetes	Kitrinoviricota	Riboviria	Viruses			
3116998	Papillomavirus rhinolophus4626		Papillomaviridae	Zurhausenvirales	Papovaviricetes	Cossaviricota	Monodnaviria	Viruses			
1796009	Pacific flying fox faeces associated circular DNA virus-14							Viruses			
38766	Lyssavirus lagos	Lyssavirus	Rhabdoviridae	Mononegavirales	Monjiviricetes	Negarnaviricota	Riboviria	Viruses			
2832082	Longquan Rhinolophus sinicus orthohepevirus 1	Orthohepevirus	Hepeviridae	Hepelivirales	Alsuviricetes	Kitrinoviricota	Riboviria	Viruses			
3047560	Cyclovirus khangkhaw	Cyclovirus	Circoviridae	Cirlivirales	Arfiviricetes	Cressdnaviricota	Monodnaviria	Viruses			
3052181	Dianlovirus menglaense	Dianlovirus	Filoviridae	Mononegavirales	Monjiviricetes	Negarnaviricota	Riboviria	Viruses			
2911996	Bat associated gemykronzavirus 2	Gemykroznavirus	Genomoviridae	Geplafuvirales	Repensiviricetes	Cressdnaviricota	Monodnaviria	Viruses			
3039826	Molossus molossus chaphamaparvovirus		Parvoviridae	Piccovirales	Quintoviricetes	Cossaviricota	Monodnaviria	Viruses			
3047405	Cyclovirus yarasa	Cyclovirus	Circoviridae	Cirlivirales	Arfiviricetes	Cressdnaviricota	Monodnaviria	Viruses			
1508712	Tent-making bat hepatitis B virus	Orthohepadnavirus	Hepadnaviridae	Blubervirales	Revtraviricetes	Artverviricota	Riboviria	Viruses			
2928909	Chifec genomovirus UA13_92		Genomoviridae	Geplafuvirales	Repensiviricetes	Cressdnaviricota	Monodnaviria	Viruses			
2801851	Bat coronavirus RacCS203	Betacoronavirus	Coronaviridae	Nidovirales	Pisoniviricetes	Pisuviricota	Riboviria	Viruses			
2911989	Bat associated gemykibivirus 1	Gemykibivirus	Genomoviridae	Geplafuvirales	Repensiviricetes	Cressdnaviricota	Monodnaviria	Viruses			
2029304	Rhinolophus simulator polyomavirus 1		Polyomaviridae	Sepolyvirales	Papovaviricetes	Cossaviricota	Monodnaviria	Viruses			
1796016	Pacific flying fox faeces associated circular DNA virus-7							Viruses			
2846072	Rubivirus ruteetense	Rubivirus	Matonaviridae	Hepelivirales	Alsuviricetes	Kitrinoviricota	Riboviria	Viruses			
3061635	Rhinolophus thomasi bat coronavirus	Betacoronavirus	Coronaviridae	Nidovirales	Pisoniviricetes	Pisuviricota	Riboviria	Viruses			
2447803	Miniopterus schreibersi polyomavirus 4		Polyomaviridae	Sepolyvirales	Papovaviricetes	Cossaviricota	Monodnaviria	Viruses			
2928390	Tadarida brasiliensis papillomavirus 3		Papillomaviridae	Zurhausenvirales	Papovaviricetes	Cossaviricota	Monodnaviria	Viruses			
2447810	Rhinolophus affinis polyomavirus 2		Polyomaviridae	Sepolyvirales	Papovaviricetes	Cossaviricota	Monodnaviria	Viruses			
2911951	Molossus molossus associated circovirus 2	Circovirus	Circoviridae	Cirlivirales	Arfiviricetes	Cressdnaviricota	Monodnaviria	Viruses			
3052521	Orthonairovirus issykkulense	Orthonairovirus	Nairoviridae	Bunyavirales	Ellioviricetes	Negarnaviricota	Riboviria	Viruses			
2836123	Bat SARS-like coronavirus Khosta-1	Betacoronavirus	Coronaviridae	Nidovirales	Pisoniviricetes	Pisuviricota	Riboviria	Viruses			
2749861	Gemykibivirus sp.	Gemykibivirus	Genomoviridae	Geplafuvirales	Repensiviricetes	Cressdnaviricota	Monodnaviria	Viruses			
2951617	Alphapolyomavirus eidoli	Alphapolyomavirus	Polyomaviridae	Sepolyvirales	Papovaviricetes	Cossaviricota	Monodnaviria	Viruses			
1074864	Bat picornavirus 2		Picornaviridae	Picornavirales	Pisoniviricetes	Pisuviricota	Riboviria	Viruses			
1983771	Gemycircularvirus sp.	Gemycircularvirus	Genomoviridae	Geplafuvirales	Repensiviricetes	Cressdnaviricota	Monodnaviria	Viruses			
2512110	Circo-like virus Croatia 17_S17							Viruses			
2914460	Chifec virus UA15_2320	Cyclovirus	Circoviridae	Cirlivirales	Arfiviricetes	Cressdnaviricota	Monodnaviria	Viruses			
1335626	Middle East respiratory syndrome-related coronavirus	Betacoronavirus	Coronaviridae	Nidovirales	Pisoniviricetes	Pisuviricota	Riboviria	Viruses			
2928913	Chifec genomovirus UA13_96		Genomoviridae	Geplafuvirales	Repensiviricetes	Cressdnaviricota	Monodnaviria	Viruses			
2691587	Miniopterus pusillus bat coronavirus HKU8-related	Alphacoronavirus	Coronaviridae	Nidovirales	Pisoniviricetes	Pisuviricota	Riboviria	Viruses			
3018913	Bat Coronavirus SkGD18		Coronaviridae	Nidovirales	Pisoniviricetes	Pisuviricota	Riboviria	Viruses			
3038986	Rhinolophus bat parvovirus		Parvoviridae	Piccovirales	Quintoviricetes	Cossaviricota	Monodnaviria	Viruses			
2913444	Rousettus madagascariensis nobecovirus	Betacoronavirus	Coronaviridae	Nidovirales	Pisoniviricetes	Pisuviricota	Riboviria	Viruses			
3018886	Bat Coronavirus RaYN17		Coronaviridae	Nidovirales	Pisoniviricetes	Pisuviricota	Riboviria	Viruses			
3018891	Bat Coronavirus RfZJ20		Coronaviridae	Nidovirales	Pisoniviricetes	Pisuviricota	Riboviria	Viruses			
1958785	Bat badicivirus 1							Viruses			
1959929	Molossus molossus foamy virus 1	Spumavirus	Retroviridae	Ortervirales	Revtraviricetes	Artverviricota	Riboviria	Viruses			
3018899	Bat Coronavirus RpGX17		Coronaviridae	Nidovirales	Pisoniviricetes	Pisuviricota	Riboviria	Viruses			
3018862	Bat Coronavirus MrYN20		Coronaviridae	Nidovirales	Pisoniviricetes	Pisuviricota	Riboviria	Viruses			
2447817	Rhinolophus pearsonii polyomavirus 1		Polyomaviridae	Sepolyvirales	Papovaviricetes	Cossaviricota	Monodnaviria	Viruses			
3052457	Orthoebolavirus bombaliense	Orthoebolavirus	Filoviridae	Mononegavirales	Monjiviricetes	Negarnaviricota	Riboviria	Viruses			
3052231	Hepacivirus macronycteridis	Hepacivirus	Flaviviridae	Amarillovirales	Flasuviricetes	Kitrinoviricota	Riboviria	Viruses			
2447804	Myotis davidii polyomavirus 1		Polyomaviridae	Sepolyvirales	Papovaviricetes	Cossaviricota	Monodnaviria	Viruses			
2955695	Chirohepevirus desmodi	Chirohepevirus	Hepeviridae	Hepelivirales	Alsuviricetes	Kitrinoviricota	Riboviria	Viruses			
38767	Lyssavirus duvenhage	Lyssavirus	Rhabdoviridae	Mononegavirales	Monjiviricetes	Negarnaviricota	Riboviria	Viruses			
3059889	Circovirus tzinaka	Circovirus	Circoviridae	Cirlivirales	Arfiviricetes	Cressdnaviricota	Monodnaviria	Viruses			
2911950	Molossus molossus associated circovirus 1	Circovirus	Circoviridae	Cirlivirales	Arfiviricetes	Cressdnaviricota	Monodnaviria	Viruses			
2993504	Tadarida brasiliensis bat alphacoronavirus 2	Alphacoronavirus	Coronaviridae	Nidovirales	Pisoniviricetes	Pisuviricota	Riboviria	Viruses			
351073	Mammalian orthoreovirus	Orthoreovirus	Spinareoviridae	Reovirales	Resentoviricetes	Duplornaviricota	Riboviria	Viruses			
2877502	Wufeng Rhinolophus pearsonii paramyxovirus 1		Paramyxoviridae	Mononegavirales	Monjiviricetes	Negarnaviricota	Riboviria	Viruses			
2928932	Chifec virus UA13_77					Cressdnaviricota	Monodnaviria	Viruses			
2914461	Chifec virus UA15_35	Cyclovirus	Circoviridae	Cirlivirales	Arfiviricetes	Cressdnaviricota	Monodnaviria	Viruses			
2914454	Chifec virus UA13_1727	Cyclovirus	Circoviridae	Cirlivirales	Arfiviricetes	Cressdnaviricota	Monodnaviria	Viruses			
3052223	Henipavirus hendraense	Henipavirus	Paramyxoviridae	Mononegavirales	Monjiviricetes	Negarnaviricota	Riboviria	Viruses			
2928961	Longquan Myotis chinensis orthohepadnavirus 1	Orthohepadnavirus	Hepadnaviridae	Blubervirales	Revtraviricetes	Artverviricota	Riboviria	Viruses			
3018873	Bat Coronavirus PaHI19		Coronaviridae	Nidovirales	Pisoniviricetes	Pisuviricota	Riboviria	Viruses			
2691585	Rousettus aegyptiacus bat coronavirus 229E-related	Alphacoronavirus	Coronaviridae	Nidovirales	Pisoniviricetes	Pisuviricota	Riboviria	Viruses			
3052282	Loanvirus longquanense	Loanvirus	Hantaviridae	Bunyavirales	Ellioviricetes	Negarnaviricota	Riboviria	Viruses			
3052328	Mammarenavirus tacaribeense	Mammarenavirus	Arenaviridae	Bunyavirales	Ellioviricetes	Negarnaviricota	Riboviria	Viruses			
3052523	Orthonairovirus kasokeroense	Orthonairovirus	Nairoviridae	Bunyavirales	Ellioviricetes	Negarnaviricota	Riboviria	Viruses			
3059948	Cyclovirus vespertilio	Cyclovirus	Circoviridae	Cirlivirales	Arfiviricetes	Cressdnaviricota	Monodnaviria	Viruses			
2928956	Longquan Rhinolophus pearsonii orthohepadnavirus 1	Orthohepadnavirus	Hepadnaviridae	Blubervirales	Revtraviricetes	Artverviricota	Riboviria	Viruses			
3052118	Circovirus cia	Circovirus	Circoviridae	Cirlivirales	Arfiviricetes	Cressdnaviricota	Monodnaviria	Viruses			
3018925	Bat Coronavirus TpYN16		Coronaviridae	Nidovirales	Pisoniviricetes	Pisuviricota	Riboviria	Viruses			
3047399	Circovirus saguzarra	Circovirus	Circoviridae	Cirlivirales	Arfiviricetes	Cressdnaviricota	Monodnaviria	Viruses			
2907288	Flyfo siphovirus Tbat2_3				Caudoviricetes	Uroviricota	Duplodnaviria	Viruses			
1163537	Tianjin totivirus		Totiviridae	Ghabrivirales	Chrymotiviricetes	Duplornaviricota	Riboviria	Viruses			
2928928	Chifec virus UA13_133					Cressdnaviricota	Monodnaviria	Viruses			
3052605	Pegivirus carolliae	Pegivirus	Flaviviridae	Amarillovirales	Flasuviricetes	Kitrinoviricota	Riboviria	Viruses			
1891760	Betapolyomavirus tertidobsoniae	Betapolyomavirus	Polyomaviridae	Sepolyvirales	Papovaviricetes	Cossaviricota	Monodnaviria	Viruses			
1303386	Bat hepatitis virus		Hepadnaviridae	Blubervirales	Revtraviricetes	Artverviricota	Riboviria	Viruses			
2877470	Jingmen Miniopterus schreibersii alphacoronavirus 1	Alphacoronavirus	Coronaviridae	Nidovirales	Pisoniviricetes	Pisuviricota	Riboviria	Viruses			
90961	Lyssavirus australis	Lyssavirus	Rhabdoviridae	Mononegavirales	Monjiviricetes	Negarnaviricota	Riboviria	Viruses			
1921773	Treisdeltapapillomavirus 1	Treisdeltapapillomavirus	Papillomaviridae	Zurhausenvirales	Papovaviricetes	Cossaviricota	Monodnaviria	Viruses			
1606497	Betapolyomavirus arplanirostris	Betapolyomavirus	Polyomaviridae	Sepolyvirales	Papovaviricetes	Cossaviricota	Monodnaviria	Viruses			
3047551	Cyclovirus doi	Cyclovirus	Circoviridae	Cirlivirales	Arfiviricetes	Cressdnaviricota	Monodnaviria	Viruses			
2928907	Chifec genomovirus UA13_30		Genomoviridae	Geplafuvirales	Repensiviricetes	Cressdnaviricota	Monodnaviria	Viruses			
1796006	Pacific flying fox faeces associated circular DNA virus-11							Viruses			
3115998	Anellovirus molossus2401		Anelloviridae					Viruses			
3018865	Bat Coronavirus MsGX17		Coronaviridae	Nidovirales	Pisoniviricetes	Pisuviricota	Riboviria	Viruses			
1796004	Pacific flying fox faeces associated circular DNA virus-1							Viruses			
2050578	Mastadenovirus sp.	Mastadenovirus	Adenoviridae	Rowavirales	Tectiliviricetes	Preplasmiviricota	Varidnaviria	Viruses			
3052526	Orthonairovirus lusakaense	Orthonairovirus	Nairoviridae	Bunyavirales	Ellioviricetes	Negarnaviricota	Riboviria	Viruses			
2419667	Bat alphacoronavirus	Alphacoronavirus	Coronaviridae	Nidovirales	Pisoniviricetes	Pisuviricota	Riboviria	Viruses			
1606499	Alphapolyomavirus tertarplanisrostris	Alphapolyomavirus	Polyomaviridae	Sepolyvirales	Papovaviricetes	Cossaviricota	Monodnaviria	Viruses			
3027038	Pedacovirus sp. PpiGB01	Alphacoronavirus	Coronaviridae	Nidovirales	Pisoniviricetes	Pisuviricota	Riboviria	Viruses			
2447818	Rhinolophus pearsonii polyomavirus 2		Polyomaviridae	Sepolyvirales	Papovaviricetes	Cossaviricota	Monodnaviria	Viruses			
2913380	Hipposideros bat coronavirus		Coronaviridae	Nidovirales	Pisoniviricetes	Pisuviricota	Riboviria	Viruses			
3052234	Hepacivirus otomopis	Hepacivirus	Flaviviridae	Amarillovirales	Flasuviricetes	Kitrinoviricota	Riboviria	Viruses			
2734579	Bat mastadenovirus I	Mastadenovirus	Adenoviridae	Rowavirales	Tectiliviricetes	Preplasmiviricota	Varidnaviria	Viruses			
3117229	Polyomavirus eidolon4255		Polyomaviridae	Sepolyvirales	Papovaviricetes	Cossaviricota	Monodnaviria	Viruses			
2907286	Flyfo podovirus Tbat2_2				Caudoviricetes	Uroviricota	Duplodnaviria	Viruses			
2972746	Bat faecal coronavirus		Coronaviridae	Nidovirales	Pisoniviricetes	Pisuviricota	Riboviria	Viruses			
3052281	Loanvirus brunaense	Loanvirus	Hantaviridae	Bunyavirales	Ellioviricetes	Negarnaviricota	Riboviria	Viruses			
2492657	Alphacoronavirus Bat-CoV/P.kuhlii/Italy/206679-3/2010	Alphacoronavirus	Coronaviridae	Nidovirales	Pisoniviricetes	Pisuviricota	Riboviria	Viruses			
2492656	Alphacoronavirus Bat-CoV/P.kuhlii/Italy/206645-41/2011	Alphacoronavirus	Coronaviridae	Nidovirales	Pisoniviricetes	Pisuviricota	Riboviria	Viruses			
3018845	Bat Coronavirus MaJX20		Coronaviridae	Nidovirales	Pisoniviricetes	Pisuviricota	Riboviria	Viruses			
2878089	Bat associated genomovirus		Genomoviridae	Geplafuvirales	Repensiviricetes	Cressdnaviricota	Monodnaviria	Viruses			
2169854	Crohivirus B	Crohivirus	Picornaviridae	Picornavirales	Pisoniviricetes	Pisuviricota	Riboviria	Viruses			
3047790	Orthoflavivirus dakarense	Orthoflavivirus	Flaviviridae	Amarillovirales	Flasuviricetes	Kitrinoviricota	Riboviria	Viruses			
2791004	Achimota pararubulavirus 3	Pararubulavirus	Paramyxoviridae	Mononegavirales	Monjiviricetes	Negarnaviricota	Riboviria	Viruses			
3039825	Macronycteris gammaherpesvirus 1			Herpesvirales	Herviviricetes	Peploviricota	Duplodnaviria	Viruses			
2447802	Miniopterus schreibersi polyomavirus 3		Polyomaviridae	Sepolyvirales	Papovaviricetes	Cossaviricota	Monodnaviria	Viruses			
2833184	Sarbecovirus sp.	Betacoronavirus	Coronaviridae	Nidovirales	Pisoniviricetes	Pisuviricota	Riboviria	Viruses			
2170235	Treisiotapapillomavirus 1	Treisiotapapillomavirus	Papillomaviridae	Zurhausenvirales	Papovaviricetes	Cossaviricota	Monodnaviria	Viruses			
11292	Lyssavirus rabies	Lyssavirus	Rhabdoviridae	Mononegavirales	Monjiviricetes	Negarnaviricota	Riboviria	Viruses			
2781639	Bat associated nodavirus		Nodaviridae	Nodamuvirales	Magsaviricetes	Kitrinoviricota	Riboviria	Viruses			
2832974	Merbecovirus sp.	Betacoronavirus	Coronaviridae	Nidovirales	Pisoniviricetes	Pisuviricota	Riboviria	Viruses			
2877500	Jingmen Miniopterus schreibersii paramyxovirus 1		Paramyxoviridae	Mononegavirales	Monjiviricetes	Negarnaviricota	Riboviria	Viruses			
3018884	Bat Coronavirus RaHI19		Coronaviridae	Nidovirales	Pisoniviricetes	Pisuviricota	Riboviria	Viruses			
1157040	Bat gammaretrovirus	Gammaretrovirus	Retroviridae	Ortervirales	Revtraviricetes	Artverviricota	Riboviria	Viruses			
2911992	Molossus molossus associated gemykibivirus 2	Gemykibivirus	Genomoviridae	Geplafuvirales	Repensiviricetes	Cressdnaviricota	Monodnaviria	Viruses			
2586419	Rhinolophus bat coronavirus HKU32	Alphacoronavirus	Coronaviridae	Nidovirales	Pisoniviricetes	Pisuviricota	Riboviria	Viruses			
3056798	Plecomyxo virus		Paramyxoviridae	Mononegavirales	Monjiviricetes	Negarnaviricota	Riboviria	Viruses			
3018855	Bat Coronavirus MrGD17		Coronaviridae	Nidovirales	Pisoniviricetes	Pisuviricota	Riboviria	Viruses			
2053079	Rhinolophus pusillus bocaparvovirus 1	Bocaparvovirus	Parvoviridae	Piccovirales	Quintoviricetes	Cossaviricota	Monodnaviria	Viruses			
3018902	Bat Coronavirus RpZJ20		Coronaviridae	Nidovirales	Pisoniviricetes	Pisuviricota	Riboviria	Viruses			
2846056	Vesiculovirus rhinolophus	Vesiculovirus	Rhabdoviridae	Mononegavirales	Monjiviricetes	Negarnaviricota	Riboviria	Viruses			
2955251	Alphacoronavirus AMALF	Alphacoronavirus	Coronaviridae	Nidovirales	Pisoniviricetes	Pisuviricota	Riboviria	Viruses			
3044253	Rousettus madagascariensis picornavirus			Picornavirales	Pisoniviricetes	Pisuviricota	Riboviria	Viruses			
2832076	Longquan Rhinolophus sinicus hepacivirus 1	Hepacivirus	Flaviviridae	Amarillovirales	Flasuviricetes	Kitrinoviricota	Riboviria	Viruses			
1918731	Dyoomegapapillomavirus 1	Dyoomegapapillomavirus	Papillomaviridae	Zurhausenvirales	Papovaviricetes	Cossaviricota	Monodnaviria	Viruses			
2913388	Triaenops bat coronavirus		Coronaviridae	Nidovirales	Pisoniviricetes	Pisuviricota	Riboviria	Viruses			
1978542	Ledantevirus elgon	Ledantevirus	Rhabdoviridae	Mononegavirales	Monjiviricetes	Negarnaviricota	Riboviria	Viruses			
3018911	Bat Coronavirus ShYN16		Coronaviridae	Nidovirales	Pisoniviricetes	Pisuviricota	Riboviria	Viruses			
3116000	Anellovirus molossus2919		Anelloviridae					Viruses			
1959930	Bat sapovirus	Sapovirus	Caliciviridae	Picornavirales	Pisoniviricetes	Pisuviricota	Riboviria	Viruses			
3052559	Orthorubulavirus mapueraense	Orthorubulavirus	Paramyxoviridae	Mononegavirales	Monjiviricetes	Negarnaviricota	Riboviria	Viruses			
1930507	Basavirus sp.							Viruses			
1697918	Bat astrovirus		Astroviridae	Stellavirales	Stelpaviricetes	Pisuviricota	Riboviria	Viruses			
3052494	Orthohantavirus robinaense	Orthohantavirus	Hantaviridae	Bunyavirales	Ellioviricetes	Negarnaviricota	Riboviria	Viruses			
2501928	Nyctalus velutinus alphacoronavirus SC-2013	Alphacoronavirus	Coronaviridae	Nidovirales	Pisoniviricetes	Pisuviricota	Riboviria	Viruses			
1325446	Bat hepacivirus	Hepacivirus	Flaviviridae	Amarillovirales	Flasuviricetes	Kitrinoviricota	Riboviria	Viruses			
3047403	Circovirus kelawar	Circovirus	Circoviridae	Cirlivirales	Arfiviricetes	Cressdnaviricota	Monodnaviria	Viruses			
2872809	Betacoronavirus sp. RpYN06	Betacoronavirus	Coronaviridae	Nidovirales	Pisoniviricetes	Pisuviricota	Riboviria	Viruses			
1987129	Hepatovirus H	Hepatovirus	Picornaviridae	Picornavirales	Pisoniviricetes	Pisuviricota	Riboviria	Viruses			
2928912	Chifec genomovirus UA13_95		Genomoviridae	Geplafuvirales	Repensiviricetes	Cressdnaviricota	Monodnaviria	Viruses			
3050240	Circovirus bianfu	Circovirus	Circoviridae	Cirlivirales	Arfiviricetes	Cressdnaviricota	Monodnaviria	Viruses			
2501929	NL63-related bat coronavirus strain BtKYNL63-9b	Alphacoronavirus	Coronaviridae	Nidovirales	Pisoniviricetes	Pisuviricota	Riboviria	Viruses			
1891717	Alphapolyomavirus acelebensis	Alphapolyomavirus	Polyomaviridae	Sepolyvirales	Papovaviricetes	Cossaviricota	Monodnaviria	Viruses			
1239582	Mamastrovirus 18	Mamastrovirus	Astroviridae	Stellavirales	Stelpaviricetes	Pisuviricota	Riboviria	Viruses			
3052156	Cyclovirus jemage	Cyclovirus	Circoviridae	Cirlivirales	Arfiviricetes	Cressdnaviricota	Monodnaviria	Viruses			
3059947	Cyclovirus vauval	Cyclovirus	Circoviridae	Cirlivirales	Arfiviricetes	Cressdnaviricota	Monodnaviria	Viruses			
2928979	Wenzhou Myotis davidii paramyxovirus 1		Paramyxoviridae	Mononegavirales	Monjiviricetes	Negarnaviricota	Riboviria	Viruses			
3052541	Orthonairovirus yogueense	Orthonairovirus	Nairoviridae	Bunyavirales	Ellioviricetes	Negarnaviricota	Riboviria	Viruses			
2844507	Gemycircularvirus ptero10	Gemycircularvirus	Genomoviridae	Geplafuvirales	Repensiviricetes	Cressdnaviricota	Monodnaviria	Viruses			
2029305	Rhinolophus simulator polyomavirus 2		Polyomaviridae	Sepolyvirales	Papovaviricetes	Cossaviricota	Monodnaviria	Viruses			
2956140	Lyssavirus formosa	Lyssavirus	Rhabdoviridae	Mononegavirales	Monjiviricetes	Negarnaviricota	Riboviria	Viruses			
249583	Lyssavirus irkut	Lyssavirus	Rhabdoviridae	Mononegavirales	Monjiviricetes	Negarnaviricota	Riboviria	Viruses			
3018844	Bat Coronavirus IlYN20		Coronaviridae	Nidovirales	Pisoniviricetes	Pisuviricota	Riboviria	Viruses			
2844621	Gemykolovirus ptero2	Gemykolovirus	Genomoviridae	Geplafuvirales	Repensiviricetes	Cressdnaviricota	Monodnaviria	Viruses			
2832083	Wenzhou Pipistrellus abramus orthohepevirus 1	Orthohepevirus	Hepeviridae	Hepelivirales	Alsuviricetes	Kitrinoviricota	Riboviria	Viruses			
2877499	Wufeng Rhinolophus pearsonii mammarenavirus 1	Mammarenavirus	Arenaviridae	Bunyavirales	Ellioviricetes	Negarnaviricota	Riboviria	Viruses			
3116945	Papillomavirus bat7808		Papillomaviridae	Zurhausenvirales	Papovaviricetes	Cossaviricota	Monodnaviria	Viruses			
1891769	Betapolyomavirus mafricanus	Betapolyomavirus	Polyomaviridae	Sepolyvirales	Papovaviricetes	Cossaviricota	Monodnaviria	Viruses			
2928930	Chifec virus UA13_58					Cressdnaviricota	Monodnaviria	Viruses			
2994979	Tiete mammarenavirus	Mammarenavirus	Arenaviridae	Bunyavirales	Ellioviricetes	Negarnaviricota	Riboviria	Viruses			
2928911	Chifec genomovirus UA13_94		Genomoviridae	Geplafuvirales	Repensiviricetes	Cressdnaviricota	Monodnaviria	Viruses			
2928927	Chifec virus UA13_122					Cressdnaviricota	Monodnaviria	Viruses			
3059933	Cyclovirus netopyr	Cyclovirus	Circoviridae	Cirlivirales	Arfiviricetes	Cressdnaviricota	Monodnaviria	Viruses			
2844512	Gemycircularvirus ptero5	Gemycircularvirus	Genomoviridae	Geplafuvirales	Repensiviricetes	Cressdnaviricota	Monodnaviria	Viruses			
2911884	Eumops bonariensis papillomavirus type 1		Papillomaviridae	Zurhausenvirales	Papovaviricetes	Cossaviricota	Monodnaviria	Viruses			
2911999	Molossus molossus associated gemygorvirus 1	Gemygorvirus	Genomoviridae	Geplafuvirales	Repensiviricetes	Cressdnaviricota	Monodnaviria	Viruses			
2170170	Psipapillomavirus 2	Psipapillomavirus	Papillomaviridae	Zurhausenvirales	Papovaviricetes	Cossaviricota	Monodnaviria	Viruses			
1987128	Hepatovirus G	Hepatovirus	Picornaviridae	Picornavirales	Pisoniviricetes	Pisuviricota	Riboviria	Viruses			
1964372	Circovirus sp.	Circovirus	Circoviridae	Cirlivirales	Arfiviricetes	Cressdnaviricota	Monodnaviria	Viruses			
2054618	Torque teno desmodus rotundus virus		Anelloviridae					Viruses			
1329650	Bat circovirus	Circovirus	Circoviridae	Cirlivirales	Arfiviricetes	Cressdnaviricota	Monodnaviria	Viruses			
3052595	Pararubulavirus cantonense	Pararubulavirus	Paramyxoviridae	Mononegavirales	Monjiviricetes	Negarnaviricota	Riboviria	Viruses			
1796018	Pacific flying fox faeces associated circular DNA virus-9							Viruses			
3060539	Percavirus rhinolophidgamma1	Percavirus	Orthoherpesviridae	Herpesvirales	Herviviricetes	Peploviricota	Duplodnaviria	Viruses			
2972707	Bat faecal associated chuvirus 2		Chuviridae	Jingchuvirales	Monjiviricetes	Negarnaviricota	Riboviria	Viruses			
3052830	Xitorquevirus molos1	Xitorquevirus	Anelloviridae					Viruses			
2844508	Gemycircularvirus ptero1	Gemycircularvirus	Genomoviridae	Geplafuvirales	Repensiviricetes	Cressdnaviricota	Monodnaviria	Viruses			
2778552	Adeno-associated virus Croatia cul1_12	Dependoparvovirus	Parvoviridae	Piccovirales	Quintoviricetes	Cossaviricota	Monodnaviria	Viruses			
3047402	Circovirus morcego	Circovirus	Circoviridae	Cirlivirales	Arfiviricetes	Cressdnaviricota	Monodnaviria	Viruses			
2912002	Torque teno Tadarida brasiliensis virus 3		Anelloviridae					Viruses			
3018926	Bat Coronavirus TrGZ19		Coronaviridae	Nidovirales	Pisoniviricetes	Pisuviricota	Riboviria	Viruses			
1195279	Ia io picornavirus 1		Picornaviridae	Picornavirales	Pisoniviricetes	Pisuviricota	Riboviria	Viruses			
3018859	Bat Coronavirus MrJX20		Coronaviridae	Nidovirales	Pisoniviricetes	Pisuviricota	Riboviria	Viruses			
3052339	Mobatvirus xuansonense	Mobatvirus	Hantaviridae	Bunyavirales	Ellioviricetes	Negarnaviricota	Riboviria	Viruses			
2781866	Tadarida associated gemykibivirus 1	Gemykibivirus	Genomoviridae	Geplafuvirales	Repensiviricetes	Cressdnaviricota	Monodnaviria	Viruses			
3018872	Bat Coronavirus PaGZ19		Coronaviridae	Nidovirales	Pisoniviricetes	Pisuviricota	Riboviria	Viruses			
2844515	Gemycircularvirus ptero8	Gemycircularvirus	Genomoviridae	Geplafuvirales	Repensiviricetes	Cressdnaviricota	Monodnaviria	Viruses			
3047558	Cyclovirus liliac	Cyclovirus	Circoviridae	Cirlivirales	Arfiviricetes	Cressdnaviricota	Monodnaviria	Viruses			
2844580	Gemykibivirus hipla1	Gemykibivirus	Genomoviridae	Geplafuvirales	Repensiviricetes	Cressdnaviricota	Monodnaviria	Viruses			
2029306	Rhinolophus simulator polyomavirus 3		Polyomaviridae	Sepolyvirales	Papovaviricetes	Cossaviricota	Monodnaviria	Viruses			
2907285	Flyfo myovirus Tbat2_7				Caudoviricetes	Uroviricota	Duplodnaviria	Viruses			
1445418	Malsoor virus	Phlebovirus	Phenuiviridae	Bunyavirales	Ellioviricetes	Negarnaviricota	Riboviria	Viruses			
3018852	Bat Coronavirus MpGD17		Coronaviridae	Nidovirales	Pisoniviricetes	Pisuviricota	Riboviria	Viruses			
2914455	Chifec virus UA13_1800	Cyclovirus	Circoviridae	Cirlivirales	Arfiviricetes	Cressdnaviricota	Monodnaviria	Viruses			
3018885	Bat Coronavirus RaYN16		Coronaviridae	Nidovirales	Pisoniviricetes	Pisuviricota	Riboviria	Viruses			
1074863	Bat picornavirus 1		Picornaviridae	Picornavirales	Pisoniviricetes	Pisuviricota	Riboviria	Viruses			
2913385	Myotis bat coronavirus		Coronaviridae	Nidovirales	Pisoniviricetes	Pisuviricota	Riboviria	Viruses			
2560259	Pararubulavirus achimotaense	Pararubulavirus	Paramyxoviridae	Mononegavirales	Monjiviricetes	Negarnaviricota	Riboviria	Viruses			
3052601	Pararubulavirus teviotense	Pararubulavirus	Paramyxoviridae	Mononegavirales	Monjiviricetes	Negarnaviricota	Riboviria	Viruses			
2955303	Alphapolyomavirus secumischreibersii	Alphapolyomavirus	Polyomaviridae	Sepolyvirales	Papovaviricetes	Cossaviricota	Monodnaviria	Viruses			
1796013	Pacific flying fox faeces associated circular DNA virus-4							Viruses			
3018828	Bat Coronavirus EsYN20		Coronaviridae	Nidovirales	Pisoniviricetes	Pisuviricota	Riboviria	Viruses			
2015376	Bat mastadenovirus G	Mastadenovirus	Adenoviridae	Rowavirales	Tectiliviricetes	Preplasmiviricota	Varidnaviria	Viruses			
2982591	Puer bat vesiculovirus	Vesiculovirus	Rhabdoviridae	Mononegavirales	Monjiviricetes	Negarnaviricota	Riboviria	Viruses			
3019276	Eidolon dupreanum kobuvirus	Kobuvirus	Picornaviridae	Picornavirales	Pisoniviricetes	Pisuviricota	Riboviria	Viruses			
2911964	Bat associated gemycircularvirus 1	Gemycircularvirus	Genomoviridae	Geplafuvirales	Repensiviricetes	Cressdnaviricota	Monodnaviria	Viruses			
2832073	Jingmen Rhinolophus sinicus hepacivirus 1	Hepacivirus	Flaviviridae	Amarillovirales	Flasuviricetes	Kitrinoviricota	Riboviria	Viruses			
2730656	Hervey pteropid gammaretrovirus	Gammaretrovirus	Retroviridae	Ortervirales	Revtraviricetes	Artverviricota	Riboviria	Viruses			
2691592	Scotophilus kuhlii bat coronavirus 512-related	Alphacoronavirus	Coronaviridae	Nidovirales	Pisoniviricetes	Pisuviricota	Riboviria	Viruses			
2877508	Longquan Rhinolophus sinicus vesiculovirus 1	Vesiculovirus	Rhabdoviridae	Mononegavirales	Monjiviricetes	Negarnaviricota	Riboviria	Viruses			
1606502	Alphapolyomavirus carolliae	Alphapolyomavirus	Polyomaviridae	Sepolyvirales	Papovaviricetes	Cossaviricota	Monodnaviria	Viruses			
2955296	Alphapolyomavirus mischreibersii	Alphapolyomavirus	Polyomaviridae	Sepolyvirales	Papovaviricetes	Cossaviricota	Monodnaviria	Viruses			
3052148	Cuevavirus lloviuense	Cuevavirus	Filoviridae	Mononegavirales	Monjiviricetes	Negarnaviricota	Riboviria	Viruses			
3018851	Bat Coronavirus MpGD16		Coronaviridae	Nidovirales	Pisoniviricetes	Pisuviricota	Riboviria	Viruses			
3018856	Bat Coronavirus MrGD19		Coronaviridae	Nidovirales	Pisoniviricetes	Pisuviricota	Riboviria	Viruses			
2956004	Jeilongvirus comorosense	Jeilongvirus	Paramyxoviridae	Mononegavirales	Monjiviricetes	Negarnaviricota	Riboviria	Viruses			
1891721	Alphapolyomavirus dobsoniae	Alphapolyomavirus	Polyomaviridae	Sepolyvirales	Papovaviricetes	Cossaviricota	Monodnaviria	Viruses			
1146874	Bat mastadenovirus B	Mastadenovirus	Adenoviridae	Rowavirales	Tectiliviricetes	Preplasmiviricota	Varidnaviria	Viruses			
2913379	Cynopterus bat coronavirus		Coronaviridae	Nidovirales	Pisoniviricetes	Pisuviricota	Riboviria	Viruses			
2170191	Shanbavirus A	Shanbavirus	Picornaviridae	Picornavirales	Pisoniviricetes	Pisuviricota	Riboviria	Viruses			
1926498	Desmodus rotundus parvovirus		Parvoviridae	Piccovirales	Quintoviricetes	Cossaviricota	Monodnaviria	Viruses			
2015374	Bat mastadenovirus E	Mastadenovirus	Adenoviridae	Rowavirales	Tectiliviricetes	Preplasmiviricota	Varidnaviria	Viruses			
1588049	Tadarida brasiliensis polyomavirus 2		Polyomaviridae	Sepolyvirales	Papovaviricetes	Cossaviricota	Monodnaviria	Viruses			
2877471	Jingmen Miniopterus schreibersii alphacoronavirus 2	Alphacoronavirus	Coronaviridae	Nidovirales	Pisoniviricetes	Pisuviricota	Riboviria	Viruses			
1958777	Bat sapelovirus	Sapelovirus	Picornaviridae	Picornavirales	Pisoniviricetes	Pisuviricota	Riboviria	Viruses			
3051375	Orthoavulavirus javaense	Orthoavulavirus	Paramyxoviridae	Mononegavirales	Monjiviricetes	Negarnaviricota	Riboviria	Viruses			
3052676	Phlebovirus riftense	Phlebovirus	Phenuiviridae	Bunyavirales	Ellioviricetes	Negarnaviricota	Riboviria	Viruses			
694006	Rousettus bat coronavirus HKU9	Betacoronavirus	Coronaviridae	Nidovirales	Pisoniviricetes	Pisuviricota	Riboviria	Viruses			
2928902	Chifec genomovirus UA13_108		Genomoviridae	Geplafuvirales	Repensiviricetes	Cressdnaviricota	Monodnaviria	Viruses			
3065435	Hepatovirus sp. 'sotense'	Hepatovirus	Picornaviridae	Picornavirales	Pisoniviricetes	Pisuviricota	Riboviria	Viruses			
2447829	Taphozous melanopogon polyomavirus 1		Polyomaviridae	Sepolyvirales	Papovaviricetes	Cossaviricota	Monodnaviria	Viruses			
3047400	Circovirus ratpenat	Circovirus	Circoviridae	Cirlivirales	Arfiviricetes	Cressdnaviricota	Monodnaviria	Viruses			
2929003	Longquan Rhinolophus affinis hantavirus 1		Hantaviridae	Bunyavirales	Ellioviricetes	Negarnaviricota	Riboviria	Viruses			
2956143	Lyssavirus lleida	Lyssavirus	Rhabdoviridae	Mononegavirales	Monjiviricetes	Negarnaviricota	Riboviria	Viruses			
2913443	Pteropus rufus nobecovirus	Betacoronavirus	Coronaviridae	Nidovirales	Pisoniviricetes	Pisuviricota	Riboviria	Viruses			
1920498	Dyopsipapillomavirus 1	Dyopsipapillomavirus	Papillomaviridae	Zurhausenvirales	Papovaviricetes	Cossaviricota	Monodnaviria	Viruses			
2447812	Rhinolophus affinis polyomavirus 4		Polyomaviridae	Sepolyvirales	Papovaviricetes	Cossaviricota	Monodnaviria	Viruses			
2055263	Anelloviridae sp.		Anelloviridae					Viruses			
3050321	Quwivirus miniopteridbeta1	Quwivirus	Orthoherpesviridae	Herpesvirales	Herviviricetes	Peploviricota	Duplodnaviria	Viruses			
37124	Chikungunya virus	Alphavirus	Togaviridae	Martellivirales	Alsuviricetes	Kitrinoviricota	Riboviria	Viruses			
2951618	Lyssavirus hamburg	Lyssavirus	Rhabdoviridae	Mononegavirales	Monjiviricetes	Negarnaviricota	Riboviria	Viruses			
3018887	Bat Coronavirus RaYN20		Coronaviridae	Nidovirales	Pisoniviricetes	Pisuviricota	Riboviria	Viruses			
1221637	Bat polyomavirus		Polyomaviridae	Sepolyvirales	Papovaviricetes	Cossaviricota	Monodnaviria	Viruses			
2928958	Wenzhou Rhinolophus pusillus orthohepadnavirus 1	Orthohepadnavirus	Hepadnaviridae	Blubervirales	Revtraviricetes	Artverviricota	Riboviria	Viruses			
2020423	Hypsugo bat coronavirus HKU25	Betacoronavirus	Coronaviridae	Nidovirales	Pisoniviricetes	Pisuviricota	Riboviria	Viruses			
2925879	Eptesicus bat coronavirus	Alphacoronavirus	Coronaviridae	Nidovirales	Pisoniviricetes	Pisuviricota	Riboviria	Viruses			
2587240	Flying-fox retrovirus	Gammaretrovirus	Retroviridae	Ortervirales	Revtraviricetes	Artverviricota	Riboviria	Viruses			
2053182	Rhinolophus pusillus adeno-associated virus 1	Dependoparvovirus	Parvoviridae	Piccovirales	Quintoviricetes	Cossaviricota	Monodnaviria	Viruses			
2990647	Eptesicus serotinus polyomavirus 1		Polyomaviridae	Sepolyvirales	Papovaviricetes	Cossaviricota	Monodnaviria	Viruses			
1891773	Betapolyomavirus ptedavyi	Betapolyomavirus	Polyomaviridae	Sepolyvirales	Papovaviricetes	Cossaviricota	Monodnaviria	Viruses			
3117258	Polyomavirus neoromicia4955		Polyomaviridae	Sepolyvirales	Papovaviricetes	Cossaviricota	Monodnaviria	Viruses			
1929964	Rotavirus J	Rotavirus	Sedoreoviridae	Reovirales	Resentoviricetes	Duplornaviricota	Riboviria	Viruses			
1911555	Rhinolophus sinicus bocaparvovirus	Bocaparvovirus	Parvoviridae	Piccovirales	Quintoviricetes	Cossaviricota	Monodnaviria	Viruses			
3047557	Cyclovirus popo	Cyclovirus	Circoviridae	Cirlivirales	Arfiviricetes	Cressdnaviricota	Monodnaviria	Viruses			
3018888	Bat Coronavirus RfHB20		Coronaviridae	Nidovirales	Pisoniviricetes	Pisuviricota	Riboviria	Viruses			
3052033	Bocaparvovirus chiropteran2	Bocaparvovirus	Parvoviridae	Piccovirales	Quintoviricetes	Cossaviricota	Monodnaviria	Viruses			
2956643	Vesiculovirus mediterranean	Vesiculovirus	Rhabdoviridae	Mononegavirales	Monjiviricetes	Negarnaviricota	Riboviria	Viruses			
1588048	Tadarida brasiliensis polyomavirus 1		Polyomaviridae	Sepolyvirales	Papovaviricetes	Cossaviricota	Monodnaviria	Viruses			
2844599	Gemykibivirus rhina1	Gemykibivirus	Genomoviridae	Geplafuvirales	Repensiviricetes	Cressdnaviricota	Monodnaviria	Viruses			
2832088	Longquan Rhinolophus pearsonii pegivirus 1	Pegivirus	Flaviviridae	Amarillovirales	Flasuviricetes	Kitrinoviricota	Riboviria	Viruses			
2447825	Rousettus leschenaultii polyomavirus 2		Polyomaviridae	Sepolyvirales	Papovaviricetes	Cossaviricota	Monodnaviria	Viruses			
3018837	Bat Coronavirus HpGD17		Coronaviridae	Nidovirales	Pisoniviricetes	Pisuviricota	Riboviria	Viruses			
2715094	Smacoviridae sp.		Smacoviridae	Cremevirales	Arfiviricetes	Cressdnaviricota	Monodnaviria	Viruses			
1796007	Pacific flying fox faeces associated circular DNA virus-12							Viruses			
1796008	Pacific flying fox faeces associated circular DNA virus-13							Viruses			
2447809	Rhinolophus affinis polyomavirus 1		Polyomaviridae	Sepolyvirales	Papovaviricetes	Cossaviricota	Monodnaviria	Viruses			
2691590	Pipistrellus abramus bat coronavirus HKU5-related	Betacoronavirus	Coronaviridae	Nidovirales	Pisoniviricetes	Pisuviricota	Riboviria	Viruses			
3052034	Bocaparvovirus chiropteran3	Bocaparvovirus	Parvoviridae	Piccovirales	Quintoviricetes	Cossaviricota	Monodnaviria	Viruses			
3018908	Bat Coronavirus RsYN16		Coronaviridae	Nidovirales	Pisoniviricetes	Pisuviricota	Riboviria	Viruses			
2691595	Rhinolophus affinis bat coronavirus HKU2-related	Alphacoronavirus	Coronaviridae	Nidovirales	Pisoniviricetes	Pisuviricota	Riboviria	Viruses			
3052404	Orthobunyavirus kaengkhoiense	Orthobunyavirus	Peribunyaviridae	Bunyavirales	Ellioviricetes	Negarnaviricota	Riboviria	Viruses			
1072176	Lyssavirus bokeloh	Lyssavirus	Rhabdoviridae	Mononegavirales	Monjiviricetes	Negarnaviricota	Riboviria	Viruses			
1906673	Alphacoronavirus sp.	Alphacoronavirus	Coronaviridae	Nidovirales	Pisoniviricetes	Pisuviricota	Riboviria	Viruses			
1606500	Alphapolyomavirus sturnirae	Alphapolyomavirus	Polyomaviridae	Sepolyvirales	Papovaviricetes	Cossaviricota	Monodnaviria	Viruses			
1891757	Betapolyomavirus secacelebensis	Betapolyomavirus	Polyomaviridae	Sepolyvirales	Papovaviricetes	Cossaviricota	Monodnaviria	Viruses			
2911885	Eumops bonariensis papillomavirus type 2		Papillomaviridae	Zurhausenvirales	Papovaviricetes	Cossaviricota	Monodnaviria	Viruses			
3047397	Circovirus chauvesouris	Circovirus	Circoviridae	Cirlivirales	Arfiviricetes	Cressdnaviricota	Monodnaviria	Viruses			
1796015	Pacific flying fox faeces associated circular DNA virus-6							Viruses			
2928983	Jingmen Myotis davidii paramyxovirus 1		Paramyxoviridae	Mononegavirales	Monjiviricetes	Negarnaviricota	Riboviria	Viruses			
1239576	Mamastrovirus 12	Mamastrovirus	Astroviridae	Stellavirales	Stelpaviricetes	Pisuviricota	Riboviria	Viruses			
1978544	Ledantevirus oita	Ledantevirus	Rhabdoviridae	Mononegavirales	Monjiviricetes	Negarnaviricota	Riboviria	Viruses			
2872807	Betacoronavirus sp. RsYN03	Betacoronavirus	Coronaviridae	Nidovirales	Pisoniviricetes	Pisuviricota	Riboviria	Viruses			
2501962	Rousettus bat coronavirus GCCDC1	Betacoronavirus	Coronaviridae	Nidovirales	Pisoniviricetes	Pisuviricota	Riboviria	Viruses			
694009	Severe acute respiratory syndrome-related coronavirus	Betacoronavirus	Coronaviridae	Nidovirales	Pisoniviricetes	Pisuviricota	Riboviria	Viruses			
3038995	Bat picornavirus 4		Picornaviridae	Picornavirales	Pisoniviricetes	Pisuviricota	Riboviria	Viruses			
1074865	Bat picornavirus 3		Picornaviridae	Picornavirales	Pisoniviricetes	Pisuviricota	Riboviria	Viruses			
1983780	Cyclovirus sp.	Cyclovirus	Circoviridae	Cirlivirales	Arfiviricetes	Cressdnaviricota	Monodnaviria	Viruses			
2928981	Wufeng Myotis altarium paramyxovirus 1		Paramyxoviridae	Mononegavirales	Monjiviricetes	Negarnaviricota	Riboviria	Viruses			
1340801	Bat rotavirus	Rotavirus	Sedoreoviridae	Reovirales	Resentoviricetes	Duplornaviricota	Riboviria	Viruses			
2912001	Torque teno Tadarida brasiliensis virus 2		Anelloviridae					Viruses			
1229325	Niminivirus		Geminiviridae	Geplafuvirales	Repensiviricetes	Cressdnaviricota	Monodnaviria	Viruses			
2781646	Bat associated circularvirus		Circoviridae	Cirlivirales	Arfiviricetes	Cressdnaviricota	Monodnaviria	Viruses			
2911955	Tadarida brasiliensis associated circovirus 1	Circovirus	Circoviridae	Cirlivirales	Arfiviricetes	Cressdnaviricota	Monodnaviria	Viruses			
3052596	Pararubulavirus guangdongense	Pararubulavirus	Paramyxoviridae	Mononegavirales	Monjiviricetes	Negarnaviricota	Riboviria	Viruses			
1891731	Alphapolyomavirus omartiensseni	Alphapolyomavirus	Polyomaviridae	Sepolyvirales	Papovaviricetes	Cossaviricota	Monodnaviria	Viruses			
2914458	Chifec virus UA13_1885	Cyclovirus	Circoviridae	Cirlivirales	Arfiviricetes	Cressdnaviricota	Monodnaviria	Viruses			
2003498	Mischivirus B	Mischivirus	Picornaviridae	Picornavirales	Pisoniviricetes	Pisuviricota	Riboviria	Viruses			
1172985	Mogiana tick virus		Flaviviridae	Amarillovirales	Flasuviricetes	Kitrinoviricota	Riboviria	Viruses			
3050345	Simplexvirus pteropodidalpha1	Simplexvirus	Orthoherpesviridae	Herpesvirales	Herviviricetes	Peploviricota	Duplodnaviria	Viruses			
3052225	Henipavirus nipahense	Henipavirus	Paramyxoviridae	Mononegavirales	Monjiviricetes	Negarnaviricota	Riboviria	Viruses			
2447808	Pipistrellus pipistrellus polyomavirus 1		Polyomaviridae	Sepolyvirales	Papovaviricetes	Cossaviricota	Monodnaviria	Viruses			
1511779	Mischivirus A	Mischivirus	Picornaviridae	Picornavirales	Pisoniviricetes	Pisuviricota	Riboviria	Viruses			
2911998	Molossus molossus associated porprismacovirus 1	Porprismacovirus	Smacoviridae	Cremevirales	Arfiviricetes	Cressdnaviricota	Monodnaviria	Viruses			
2928960	Wufeng Rhinolophus sinicus orthohepadnavirus 1	Orthohepadnavirus	Hepadnaviridae	Blubervirales	Revtraviricetes	Artverviricota	Riboviria	Viruses			
161675	Tamana bat virus	Orthoflavivirus	Flaviviridae	Amarillovirales	Flasuviricetes	Kitrinoviricota	Riboviria	Viruses			
2815771	Matlo bat lyssavirus	Lyssavirus	Rhabdoviridae	Mononegavirales	Monjiviricetes	Negarnaviricota	Riboviria	Viruses			
2928906	Chifec genomovirus UA13_114		Genomoviridae	Geplafuvirales	Repensiviricetes	Cressdnaviricota	Monodnaviria	Viruses			
2447800	Aselliscus stoliczkanus polyomavirus 1		Polyomaviridae	Sepolyvirales	Papovaviricetes	Cossaviricota	Monodnaviria	Viruses			
2928924	Chifec virus UA13_111					Cressdnaviricota	Monodnaviria	Viruses			
3052598	Pararubulavirus hongkongi	Pararubulavirus	Paramyxoviridae	Mononegavirales	Monjiviricetes	Negarnaviricota	Riboviria	Viruses			
1955153	Picornavirales sp.			Picornavirales	Pisoniviricetes	Pisuviricota	Riboviria	Viruses			
3059756	Bandavirus zwieselense	Bandavirus	Phenuiviridae	Bunyavirales	Ellioviricetes	Negarnaviricota	Riboviria	Viruses			
2990517	Myotis daubentonii polyomavirus 1		Polyomaviridae	Sepolyvirales	Papovaviricetes	Cossaviricota	Monodnaviria	Viruses			
1959848	Molossus molossus papillomavirus 1		Papillomaviridae	Zurhausenvirales	Papovaviricetes	Cossaviricota	Monodnaviria	Viruses			
3018825	Bat Coronavirus EsJX20		Coronaviridae	Nidovirales	Pisoniviricetes	Pisuviricota	Riboviria	Viruses			
2972708	Bat faecal associated chuvirus 3		Chuviridae	Jingchuvirales	Monjiviricetes	Negarnaviricota	Riboviria	Viruses			
2447805	Myotis horsfieldii polyomavirus 1		Polyomaviridae	Sepolyvirales	Papovaviricetes	Cossaviricota	Monodnaviria	Viruses			
3018867	Bat Coronavirus PaGD16		Coronaviridae	Nidovirales	Pisoniviricetes	Pisuviricota	Riboviria	Viruses			
3048153	Aquabirnavirus salmonidae	Aquabirnavirus	Birnaviridae				Riboviria	Viruses			
2301732	Bat Middle East Hepe-Astrovirus						Riboviria	Viruses			
2853285	Phyllostomus bat morbillivirus	Morbillivirus	Paramyxoviridae	Mononegavirales	Monjiviricetes	Negarnaviricota	Riboviria	Viruses			
3018835	Bat Coronavirus HlYN20		Coronaviridae	Nidovirales	Pisoniviricetes	Pisuviricota	Riboviria	Viruses			
2951619	Lyssavirus helsinki	Lyssavirus	Rhabdoviridae	Mononegavirales	Monjiviricetes	Negarnaviricota	Riboviria	Viruses			
3052686	Phlebovirus toscanaense	Phlebovirus	Phenuiviridae	Bunyavirales	Ellioviricetes	Negarnaviricota	Riboviria	Viruses			
1459003	Pteropine orthoreovirus	Orthoreovirus	Spinareoviridae	Reovirales	Resentoviricetes	Duplornaviricota	Riboviria	Viruses			
2877512	Wufeng Rhinolophus sinicus rubulavirus 1	Rubulavirus	Paramyxoviridae	Mononegavirales	Monjiviricetes	Negarnaviricota	Riboviria	Viruses			
2928910	Chifec genomovirus UA13_93		Genomoviridae	Geplafuvirales	Repensiviricetes	Cressdnaviricota	Monodnaviria	Viruses			
1606503	Betapolyomavirus desrotundus	Betapolyomavirus	Polyomaviridae	Sepolyvirales	Papovaviricetes	Cossaviricota	Monodnaviria	Viruses			
2911997	Molossus molossus associated gemykronzavirus 1	Gemykroznavirus	Genomoviridae	Geplafuvirales	Repensiviricetes	Cressdnaviricota	Monodnaviria	Viruses			
1329402	Eptesipox virus	Vespertilionpoxvirus	Poxviridae	Chitovirales	Pokkesviricetes	Nucleocytoviricota	Varidnaviria	Viruses			
1606501	Betapolyomavirus pteparnellii	Betapolyomavirus	Polyomaviridae	Sepolyvirales	Papovaviricetes	Cossaviricota	Monodnaviria	Viruses			
2447816	Rhinolophus ferrumequinum polyomavirus 3		Polyomaviridae	Sepolyvirales	Papovaviricetes	Cossaviricota	Monodnaviria	Viruses			
1891732	Alphapolyomavirus secomartiensseni	Alphapolyomavirus	Polyomaviridae	Sepolyvirales	Papovaviricetes	Cossaviricota	Monodnaviria	Viruses			
2664215	Tadarida brasiliensis papillomavirus 1		Papillomaviridae	Zurhausenvirales	Papovaviricetes	Cossaviricota	Monodnaviria	Viruses			
1928434	Betacoronavirus sp.	Betacoronavirus	Coronaviridae	Nidovirales	Pisoniviricetes	Pisuviricota	Riboviria	Viruses			
2447814	Rhinolophus ferrumequinum polyomavirus 1		Polyomaviridae	Sepolyvirales	Papovaviricetes	Cossaviricota	Monodnaviria	Viruses			
3059930	Cyclovirus muricec	Cyclovirus	Circoviridae	Cirlivirales	Arfiviricetes	Cressdnaviricota	Monodnaviria	Viruses			
1796005	Pacific flying fox faeces associated circular DNA virus-10							Viruses			
2912003	Molossus molossus associated CRESS DNA virus					Cressdnaviricota	Monodnaviria	Viruses			
2928980	Wenzhou Myotis laniger paramyxovirus 2		Paramyxoviridae	Mononegavirales	Monjiviricetes	Negarnaviricota	Riboviria	Viruses			
1185359	Bat sapovirus TLC58/HK	Sapovirus	Caliciviridae	Picornavirales	Pisoniviricetes	Pisuviricota	Riboviria	Viruses			
3018893	Bat Coronavirus RlYN17		Coronaviridae	Nidovirales	Pisoniviricetes	Pisuviricota	Riboviria	Viruses			
3018877	Bat Coronavirus RaGD16		Coronaviridae	Nidovirales	Pisoniviricetes	Pisuviricota	Riboviria	Viruses			
3052335	Mobatvirus laibinense	Mobatvirus	Hantaviridae	Bunyavirales	Ellioviricetes	Negarnaviricota	Riboviria	Viruses			
2911953	Molossus molossus associated circovirus 4	Circovirus	Circoviridae	Cirlivirales	Arfiviricetes	Cressdnaviricota	Monodnaviria	Viruses			
3229021	Juruaca virus						Riboviria	Viruses			
694001	Miniopterus bat coronavirus HKU8	Alphacoronavirus	Coronaviridae	Nidovirales	Pisoniviricetes	Pisuviricota	Riboviria	Viruses			
1958786	Bat badicivirus 2							Viruses			
3052426	Orthobunyavirus nyandoense	Orthobunyavirus	Peribunyaviridae	Bunyavirales	Ellioviricetes	Negarnaviricota	Riboviria	Viruses			
2878091	Microbat bastrovirus		Astroviridae	Stellavirales	Stelpaviricetes	Pisuviricota	Riboviria	Viruses			
10407	Hepatitis B virus	Orthohepadnavirus	Hepadnaviridae	Blubervirales	Revtraviricetes	Artverviricota	Riboviria	Viruses			
2844620	Gemykolovirus ptero1	Gemykolovirus	Genomoviridae	Geplafuvirales	Repensiviricetes	Cressdnaviricota	Monodnaviria	Viruses			
3018906	Bat Coronavirus RsHB20		Coronaviridae	Nidovirales	Pisoniviricetes	Pisuviricota	Riboviria	Viruses			
2928914	Chifec genomovirus UA13_98		Genomoviridae	Geplafuvirales	Repensiviricetes	Cressdnaviricota	Monodnaviria	Viruses			
1911103	Rolda virus							Viruses			
2748359	Rhinolophus euryale polyomavirus 1		Polyomaviridae	Sepolyvirales	Papovaviricetes	Cossaviricota	Monodnaviria	Viruses			
3052599	Pararubulavirus menangleense	Pararubulavirus	Paramyxoviridae	Mononegavirales	Monjiviricetes	Negarnaviricota	Riboviria	Viruses			
1678146	Chirohepevirus eptesici	Chirohepevirus	Hepeviridae	Hepelivirales	Alsuviricetes	Kitrinoviricota	Riboviria	Viruses			
3060760	Tupavirus pearsonii	Tupavirus	Rhabdoviridae	Mononegavirales	Monjiviricetes	Negarnaviricota	Riboviria	Viruses			
1239583	Mamastrovirus 19	Mamastrovirus	Astroviridae	Stellavirales	Stelpaviricetes	Pisuviricota	Riboviria	Viruses			
2025397	Bastrovirus BAS-2		Astroviridae	Stellavirales	Stelpaviricetes	Pisuviricota	Riboviria	Viruses			
1795996	Pacific flying fox faeces associated gemycircularvirus-4	Cyclovirus	Circoviridae	Cirlivirales	Arfiviricetes	Cressdnaviricota	Monodnaviria	Viruses			
1978543	Ledantevirus kumasi	Ledantevirus	Rhabdoviridae	Mononegavirales	Monjiviricetes	Negarnaviricota	Riboviria	Viruses			
2914462	Chifec virus UA15_517	Cyclovirus	Circoviridae	Cirlivirales	Arfiviricetes	Cressdnaviricota	Monodnaviria	Viruses			
1796014	Pacific flying fox faeces associated circular DNA virus-5							Viruses			
2844513	Gemycircularvirus ptero6	Gemycircularvirus	Genomoviridae	Geplafuvirales	Repensiviricetes	Cressdnaviricota	Monodnaviria	Viruses			
2486204	Bat associated circovirus	Circovirus	Circoviridae	Cirlivirales	Arfiviricetes	Cressdnaviricota	Monodnaviria	Viruses			
3052175	Dependoparvovirus chiropteran1	Dependoparvovirus	Parvoviridae	Piccovirales	Quintoviricetes	Cossaviricota	Monodnaviria	Viruses			
1508710	Roundleaf bat hepatitis B virus	Orthohepadnavirus	Hepadnaviridae	Blubervirales	Revtraviricetes	Artverviricota	Riboviria	Viruses			
1932912	Dyoupsilonpapillomavirus 1	Dyoupsilonpapillomavirus	Papillomaviridae	Zurhausenvirales	Papovaviricetes	Cossaviricota	Monodnaviria	Viruses			
3044256	Eidolon dupreanum sapelovirus	Sapelovirus	Picornaviridae	Picornavirales	Pisoniviricetes	Pisuviricota	Riboviria	Viruses			
2170171	Psipapillomavirus 3	Psipapillomavirus	Papillomaviridae	Zurhausenvirales	Papovaviricetes	Cossaviricota	Monodnaviria	Viruses			
3018866	Bat Coronavirus MsYN20		Coronaviridae	Nidovirales	Pisoniviricetes	Pisuviricota	Riboviria	Viruses			
3052611	Pegivirus pteropi	Pegivirus	Flaviviridae	Amarillovirales	Flasuviricetes	Kitrinoviricota	Riboviria	Viruses			
3018918	Bat Coronavirus TpGD17		Coronaviridae	Nidovirales	Pisoniviricetes	Pisuviricota	Riboviria	Viruses			
1244203	Bat coronavirus HKU10	Alphacoronavirus	Coronaviridae	Nidovirales	Pisoniviricetes	Pisuviricota	Riboviria	Viruses			
3052613	Pegivirus sturnirae	Pegivirus	Flaviviridae	Amarillovirales	Flasuviricetes	Kitrinoviricota	Riboviria	Viruses			
2447821	Rhinolophus sp. CN 2016 polyomavirus 1		Polyomaviridae	Sepolyvirales	Papovaviricetes	Cossaviricota	Monodnaviria	Viruses			
3047703	Orthoflavivirus bukalasaense	Orthoflavivirus	Flaviviridae	Amarillovirales	Flasuviricetes	Kitrinoviricota	Riboviria	Viruses			
2015372	Bat mastadenovirus D	Mastadenovirus	Adenoviridae	Rowavirales	Tectiliviricetes	Preplasmiviricota	Varidnaviria	Viruses			
2911959	Molossus molossus associated gemycircularvirus ansal 1	Gemycircularvirus	Genomoviridae	Geplafuvirales	Repensiviricetes	Cressdnaviricota	Monodnaviria	Viruses			
11137	Human coronavirus 229E	Alphacoronavirus	Coronaviridae	Nidovirales	Pisoniviricetes	Pisuviricota	Riboviria	Viruses			
3052157	Cyclovirus kiroptero	Cyclovirus	Circoviridae	Cirlivirales	Arfiviricetes	Cressdnaviricota	Monodnaviria	Viruses			
864596	Bat coronavirus BM48-31/BGR/2008	Betacoronavirus	Coronaviridae	Nidovirales	Pisoniviricetes	Pisuviricota	Riboviria	Viruses			
1959846	Molossus molossus gammaherpesvirus 1		Orthoherpesviridae	Herpesvirales	Herviviricetes	Peploviricota	Duplodnaviria	Viruses			
2970484	Taiwan bat lyssavirus 1	Lyssavirus	Rhabdoviridae	Mononegavirales	Monjiviricetes	Negarnaviricota	Riboviria	Viruses			
2126131	Bat hepadnavirus		Hepadnaviridae	Blubervirales	Revtraviricetes	Artverviricota	Riboviria	Viruses			
2928925	Chifec virus UA13_115					Cressdnaviricota	Monodnaviria	Viruses			
3038996	Bat picornavirus 5		Picornaviridae	Picornavirales	Pisoniviricetes	Pisuviricota	Riboviria	Viruses			
3048158	Orthoflavivirus japonicum	Orthoflavivirus	Flaviviridae	Amarillovirales	Flasuviricetes	Kitrinoviricota	Riboviria	Viruses			
1873698	Pteropox virus	Pteropopoxvirus	Poxviridae	Chitovirales	Pokkesviricetes	Nucleocytoviricota	Varidnaviria	Viruses			
3018863	Bat Coronavirus MsGD16		Coronaviridae	Nidovirales	Pisoniviricetes	Pisuviricota	Riboviria	Viruses			
118027	Nelson Bay orthoreovirus	Orthoreovirus	Spinareoviridae	Reovirales	Resentoviricetes	Duplornaviricota	Riboviria	Viruses			
2844509	Gemycircularvirus ptero2	Gemycircularvirus	Genomoviridae	Geplafuvirales	Repensiviricetes	Cressdnaviricota	Monodnaviria	Viruses			
3018914	Bat Coronavirus SkGX17		Coronaviridae	Nidovirales	Pisoniviricetes	Pisuviricota	Riboviria	Viruses			
3044264	Pteropus rufus icavirus	Mischivirus	Picornaviridae	Picornavirales	Pisoniviricetes	Pisuviricota	Riboviria	Viruses			
3048448	Orthoflavivirus nilense	Orthoflavivirus	Flaviviridae	Amarillovirales	Flasuviricetes	Kitrinoviricota	Riboviria	Viruses			
2053081	Rhinolophus sinicus bocaparvovirus 2	Bocaparvovirus	Parvoviridae	Piccovirales	Quintoviricetes	Cossaviricota	Monodnaviria	Viruses			
1796012	Pacific flying fox faeces associated circular DNA virus-3							Viruses			
2911956	Bat associated cyclovirus 17	Cyclovirus	Circoviridae	Cirlivirales	Arfiviricetes	Cressdnaviricota	Monodnaviria	Viruses			
2970485	Taiwan bat lyssavirus 2	Lyssavirus	Rhabdoviridae	Mononegavirales	Monjiviricetes	Negarnaviricota	Riboviria	Viruses			
1329649	Bat bocavirus	Bocaparvovirus	Parvoviridae	Piccovirales	Quintoviricetes	Cossaviricota	Monodnaviria	Viruses			
3060548	Pestivirus S	Pestivirus	Flaviviridae	Amarillovirales	Flasuviricetes	Kitrinoviricota	Riboviria	Viruses			
1622024	Desmodus rotundus endogenous retrovirus	Betaretrovirus	Retroviridae	Ortervirales	Revtraviricetes	Artverviricota	Riboviria	Viruses			
2928982	Wufeng Murina leucogaster paramyxovirus 1		Paramyxoviridae	Mononegavirales	Monjiviricetes	Negarnaviricota	Riboviria	Viruses			
3060161	Ledantevirus wenzhou	Ledantevirus	Rhabdoviridae	Mononegavirales	Monjiviricetes	Negarnaviricota	Riboviria	Viruses			
1959845	Molossus molossus circovirus 4	Circovirus	Circoviridae	Cirlivirales	Arfiviricetes	Cressdnaviricota	Monodnaviria	Viruses			
2929004	Longquan Rhinolophus affinis vesiculovirus 1	Vesiculovirus	Rhabdoviridae	Mononegavirales	Monjiviricetes	Negarnaviricota	Riboviria	Viruses			
